DEFIProtocol,chain
Poly Network,Binance Smart Chain
Poly Network,Neo
Poly Network,Huobi ECO Chain
Poly Network,Ethereum
Poly Network,Polygon
Poly Network,OKExChain
Poly Network,NEO3
Poly Network,Arbitrum
Poly Network,Avalanche
Poly Network,xDAI Chain
Poly Network,Fantom Opera
Poly Network,Optimistic Ethereum
Boy X Highspeed,Huobi ECO Chain
Boy X Highspeed,Binance Smart Chain
Boy X Highspeed,OKExChain
Boy X Highspeed,Ethereum
Cream Finance,Ethereum
Cream Finance,Binance Smart Chain
Cream Finance,Fantom Opera
Cream Finance,Arbitrum
Cream Finance,Polygon
Cream Finance,Avalanche
Compound Labs,Ethereum
Venus,Binance Smart Chain
EasyFi,Polygon
EasyFi,Ethereum
EasyFi,Binance Smart Chain
Uranium Finance,Binance Smart Chain
bZx,Ethereum
PancakeBunny,Binance Smart Chain
PancakeBunny,Ethereum
Alphahomora,Avalanche
Alphahomora,Binance Smart Chain
Alphahomora,Ethereum
Vee Finance,Avalanche
Paid Network,Polkadot
Harvest,Ethereum
Harvest,Binance Smart Chain
Harvest,Polygon
xToken,Arbitrum
xToken,Ethereum
Bancor,Ethereum
Popsicle Finance,Ethereum
Popsicle Finance,Binance Smart Chain
Popsicle Finance,Fantom Opera
Indexed Finance,Ethereum
Pickle Finance,Ethereum
Pickle Finance,Polygon
Pickle Finance,OKExChain
Pickle Finance,Arbitrum
Snowdog,Avalanche
Rari Capital,Ethereum