DEFIProtocol,hackedTime,hackerAddress,chain
Poly Network,8/9/2021,0xc8a65fadf0e0ddaf421f28feab69bf6e2e589963,Ethereum
Poly Network,8/9/2021,0x0d6e286a7cfd25e0c01fee9756765d8033b32c71,Binance Smart Chain
Poly Network,8/9/2021,0x5dc3603c9d42ff184153a8a9094a73d461663214,Polygon
Boy X Highspeed,10/29/2021,0x48c94305bddfd80c6f4076963866d968cac27d79,Binance Smart Chain
Cream Finance,10/26/2021,0x921760e71fb58dcc8de902ce81453e9e3d7fe253,Ethereum
Cream Finance,8/30/2021,0xce1f4b4f17224ec6df16eeb1e3e5321c54ff6ede,Ethereum
Compound Labs,11/25/2020,0xb1adceddb2941033a090dd166a462fe1c2029484,Ethereum
Compound Labs,9/29/2021,0x3af015f6e3ac79d217198f00ef36af099d223e29,Ethereum
Venus,5/17/2021,0xEF044206Db68E40520BfA82D45419d498b4bc7Bf,Binance Smart Chain
EasyFi,4/18/2021,0x83a2EB63B6Cc296529468Afa85DbDe4A469d8B37,Ethereum
Uranium Finance,4/7/2021,0x36ad9ee78bfb730955993d2aa77ecccf95e3313e,Binance Smart Chain
Uranium Finance,4/27/2021,0x2b528a28451e9853f51616f3b0f6d82af8bea6ae,Binance Smart Chain
bZx,11/4/2021,0x74487eed1e67f4787e8c0570e8d5d168a05254d4,Binance Smart Chain
bZx,9/12/2020,0x8CeBb417F234059b6a652c880979DEFD732ca3E1,Ethereum
bZx,2/17/2020,0xb8c6ad5fe7cb6cc72f2c4196dca11fbb272a8cbf,Ethereum
bZx,2/14/2020,0x148426fdc4c8a51b96b4bed827907b5fa6491ad0,Ethereum
PancakeBunny,5/18/2021,0xa0acc61547f6bd066f7c9663c17a312b6ad7e187,Binance Smart Chain
PancakeBunny,7/15/2021,0xa6021d8c36b2de6ceb4fe281b89d37d2be321431,Polygon
Alphahomora,2/12/2021,0x1112,Ethereum
Vee Finance,9/20/2021,0xeeeE458C3a5eaAfcFd68681D405FB55Ef80595BA,Avalanche
Spartan Protocol,5/1/2021,0x3b6e77722e2bbe97c1cfa337b42c0939aeb83671,Binance Smart Chain
Paid Network,3/4/2021,0x18738290af1aaf96f0acfa945c9c31ab21cd65be,Ethereum
Lendf.me,4/18/2020,0xa9bf70a420d364e923c74448d9d817d3f2a77822,Ethereum
Harvest,10/25/2020,0x3811765a53c3188c24d412daec3f60faad5f119b,Ethereum
xToken,5/11/2021,0x07e02088d68229300ae503395c6536f09179dc3e,Ethereum
xToken,8/28/2021,0x1dcc7f61c24a91eb00e26a56730c0879c275958a,Ethereum
Bancor,7/8/2018,0x1113,Ethereum
Bancor,6/17/2020,0x1114,Ethereum
Popsicle Finance,8/2/2021,0xf9e3d08196f76f5078882d98941b71c0884bea52,Ethereum
Pickle Finance,11/20/2020,0xbac8a476b95ec741e56561a66231f92bc88bb3a8,Ethereum
Snowdog,11/25/2021,0xae41199b0d576dbe43fbc8a81bd192d7b86b1c3b,Avalanche
Indexed Finance,10/13/2021,0xba5ed1488be60ba2facc6b66c6d6f0befba22ebe,Ethereum
Rari Capital,5/7/2021,0xcb36b1ee0af68dce5578a487ff2da81282512233,Ethereum